<?xml version="1.0" encoding="UTF-8"?>
<root>
  <item name="com.raizlabs.android.dbflow.structure.database.transaction.PriorityTransactionWrapper.Builder com.raizlabs.android.dbflow.structure.database.transaction.PriorityTransactionWrapper.Builder priority(int) 0">
    <annotation name="android.support.annotation.IntDef">
      <val name="value" val="{com.raizlabs.android.dbflow.structure.database.transaction.PriorityTransactionWrapper.PRIORITY_LOW, com.raizlabs.android.dbflow.structure.database.transaction.PriorityTransactionWrapper.PRIORITY_NORMAL, com.raizlabs.android.dbflow.structure.database.transaction.PriorityTransactionWrapper.PRIORITY_HIGH, com.raizlabs.android.dbflow.structure.database.transaction.PriorityTransactionWrapper.PRIORITY_UI}" />
    </annotation>
  </item>
  <item name="com.raizlabs.android.dbflow.structure.database.transaction.PriorityTransactionWrapper.Priority">
    <annotation name="android.support.annotation.IntDef">
      <val name="value" val="{com.raizlabs.android.dbflow.structure.database.transaction.PriorityTransactionWrapper.PRIORITY_LOW, com.raizlabs.android.dbflow.structure.database.transaction.PriorityTransactionWrapper.PRIORITY_NORMAL, com.raizlabs.android.dbflow.structure.database.transaction.PriorityTransactionWrapper.PRIORITY_HIGH, com.raizlabs.android.dbflow.structure.database.transaction.PriorityTransactionWrapper.PRIORITY_UI}" />
    </annotation>
  </item>
</root>

